4152214810x5202,(415) 221-4810 x5202
4152214810x5202,415-221-4810 x5202
DevikaGBansal,Devika G Bansal 
DevikaGBansal,Devika G. Bansal
AbigailMortimore,Abigail Mortimore 
AileneEstalilla,Ailene Estalilla
AjaCouchoisDuncan,Aja Couchois Duncan
AjaDuncan,Aja Duncan
AlecRosenberg,Alec Rosenberg
AlecRosenbergUCNewsroom,"Alec Rosenberg, UC Newsroom"
AlissaStallings,Alissa Stallings
AllieRobbinsandRohanRadhakrishna,Allie Robbins and Rohan Radhakrishna
AmyWeitz,Amy Weitz
AndrewSchwartz,Andrew Schwartz
AndyEvangelista,Andy Evangelista
AngelaRizkJackson,Angela Rizk-Jackson
AnnHolden,Ann Holden
AnnaLipkin,Anna Lipkin
AnneKavanagh,Anne Kavanagh
AnneWolf,Anne Wolf
AriaPearson,Aria Pearson
AshleyPTaylor,Ashley P. Taylor
AylinWoodward,Aylin Woodward
BaraVaida,Bara Vaida
BarbaraFrench,Barbara French
BennettMcIntosh,Bennett McIntosh
BethWinegarner,Beth Winegarner
BillStein,Bill Stein
BobRose,Bob Rose
BrandyRamosNikaido,Brandy Ramos Nikaido
BrettIsraelUCBerkeley,Brett Israel/UC Berkeley
BrianAuerbachandCourtneyAnderson,Brian Auerbach and Courtney Anderson
BruceFlynn,Bruce Flynn
byLisaMariePotter,by Lisa Marie Potter
CameronHeffernan,Cameron Heffernan
CarliCutchin,Carli Cutchin
CarolPott,Carol Pott
CarolynMcMillan,Carolyn McMillan
ChristinaHueschen,Christina Hueschen
ChristineOmata,Christine Omata
ChristopherJones,Christopher Jones
ChristyKBoscardinPhDDougGrbicPhDKevinGrumbachMDandPatriciaOSullivanEdD,"Christy K. Boscardin, PhD; Doug Grbic, PhD; Kevin Grumbach, MD; and Patricia O’Sullivan, EdD "
ClaireConway,Claire Conway
ClariceEstrada,Clarice Estrada 
ColleenParetty,Colleen Paretty
CompiledbyLisaCisneros,Compiled by Lisa Cisneros
ConnieMatthiessen,Connie Matthiessen
CorinnaKaarlela,Corinna Kaarlela
CourtneyAnderson,Courtney Anderson
CristinaMorrison,Cristina Morrison
DJFreyman,D.J. Freyman
DaleDanley,Dale Danley 
DalgaSurofchy,Dalga Surofchy
DanFost,Dan Fost
DanaSmith,Dana Smith
DanaSmithandNicholasRoznovsky,Dana Smith and Nicholas Roznovsky
DanielScarpelli,Daniel Scarpelli 
DavidHand,David Hand
DavidJacobson,David Jacobson
DavidKligman,David Kligman
DeborahFleischer,Deborah Fleischer
DeborahGrady,"Deborah Grady, "
DeeMostofi,Dee Mostofi
DeniseCaramagno,Denise Caramagno
DevikaBansal,Devika Bansal
DevonMccabe,Devon Mccabe
DianaAustin,Diana Austin
DonnaHemmila,Donna Hemmila
DorukOzgediz,Doruk Ozgediz
DresdenJoswig,Dresden Joswig
EGYanandVanessadeGier,E.G. Yan and Vanessa deGier
ElizabethChur,Elizabeth Chur
ElizabethSIlva,Elizabeth SIlva
EmanuelaVolpe,Emanuela Volpe
EmilyNosova,Emily Nosova 
EmilyUdell,Emily Udell
EmyVolpe,Emy Volpe
EricWidera,Eric Widera 
ErikRotman,Erik Rotman
ErikaLarson,Erika Larson
ErinSimon,Erin Simon
FortuneMeriwether,Fortune Meriwether
GaryCHoward,Gary C. Howard
GaryHoward,Gary Howard
GrantBurningham,Grant Burningham
GrantBurninghamLeviGadyePaulaJoyceandSusanLevings,"Grant Burningham, Levi Gadye, Paula Joyce, and Susan Levings"
GretchenKiserPhD,"Gretchen Kiser, PhD"
HeleneBourJordanPhD,"Helene Bour-Jordan, PhD "
HerbertColeandChristopherJones,Herbert Cole and Christopher Jones 
HilarySeligman,Hilary Seligman
IlonaGarner,Ilona Garner
IreneMerry,Irene Merry
JacobaCharles,Jacoba Charles
JamesKahnandBrendaSanchez,James Kahn and Brenda Sanchez
JaneFeledyGoodmanandClaireConway,Jane Feledy Goodman and Claire Conway
JaneGoodmanandClaireConway,Jane Goodman and Claire Conway 
JanetBasu,Janet Basu
JanetNapolitano,Janet Napolitano
JanetWells,Janet Wells
JasonBardi,Jason Bardi
JeannineCuevas,Jeannine Cuevas
JeffNorrisandAnneHolden,Jeff Norris and Anne Holden
JeffSheehy,Jeff Sheehy
JeffreyChen,Jeffrey Chen
JeffreyNorrisandLauraKurtzman,Jeffrey Norris and Laura Kurtzman
JenniferCharney,Jennifer Charney
JenniferMannix,Jennifer Mannix
JenniferWickre,Jennifer Wickre
JennyQiandHannaStarobinets,Jenny Qi and Hanna Starobinets
JessicaAEngMDandMichaelASteinmanMD,"Jessica A. Eng, MD, and Michael A. Steinman, MD"
JessicaMScully,Jessica M. Scully
JessicaStudeny,Jessica Studeny
JohnDaigre,John Daigre
JohnWatson,John Watson
JulianaBunim,Juliana Bunim
JulieLangelier,Julie Langelier
JyotiMadhusoodanan,Jyoti Madhusoodanan
KaceyBerry,Kacey Berry
KailynKlotz,Kailyn Klotz
KarenGehrman,Karen Gehrman
KarenKnowlesPearce,Karen Knowles-Pearce
KarinFleming,Karin Fleming
KarinRushMonroe,Karin Rush-Monroe
KasparMossmanPhD,"Kaspar Mossman, PhD "
KatZambonAAAS,"Kat Zambon, AAAS "
KateDarbyRauch,Kate Darby Rauch
KateLilySchoen,Kate Lily Schoen
KateRauch,Kate Rauch
KateSchoen,Kate Schoen
KateVidinsky,Kate Vidinsky
KateVolkman,Kate Volkman
KateVolkmanOakes,Kate Volkman Oakes
KaterinaChristopoulos,Katerina Christopoulos
KatherineConrad,Katherine Conrad
KatherineMoortgat,Katherine Moortgat
KatherineMurphy,Katherine Murphy
KatherineTam,Katherine Tam
KathleenMasterson,Kathleen Masterson
KathleenMastersonandSuzanneLeigh,Kathleen Masterson and Suzanne Leigh
KathrynSill,Kathryn Sill
KatieGoodman,Katie Goodman
KemiAmin,Kemi Amin
KerThan,Ker Than
KimWong,Kim Wong
KimWoodhouse,Kim Woodhouse
KirstenThompson,Kirsten Thompson
KorenWetmore,Koren Wetmore
KristenBole,Kristen Bole
LarkinCallaghan,Larkin Callaghan
LauraLane,Laura Lane
LauraLu,Laura Lu
LauraNewman,Laura Newman
LaurenHammit,Lauren Hammit
LaurieItow,Laurie Itow
LeahMcCann,Leah McCann
LeighBeeson,Leigh Beeson
LelandKimandLauraKurtzman,Leland Kim and Laura Kurtzman
LesleySnyder,Lesley Snyder
LeslieLingaas,Leslie Lingaas
LeviGadye,Levi Gadye
LilyWong,Lily Wong
LindsayBoeger,Lindsay Boeger
LisaMariePotter,Lisa Marie Potter
LisaMariePotterandNicholasWeiler,Lisa Marie Potter and Nicholas Weiler
LisaMix,Lisa Mix
LisaPotter,Lisa Potter
LisaRau,Lisa Rau
LizBurdick,Liz Burdick
LizDrogeYoung,Liz Droge-Young
LouisBergeron,Louis Bergeron
LouiseChu,Louise Chu
LouiseChuandJulianaBunim,Louise Chu and Juliana Bunim
LujainAlSaleh,Lujain Al-Saleh
MallarBhattacharyaMD,"Mallar Bhattacharya, MD"
MarciRosenberg,Marci Rosenberg
MarkHoyer,Mark Hoyer
MarthaBass,Martha Bass
MattNauman,Matt Nauman
MaxRoot,Max Root
MegKennedy,Meg Kennedy
MelBaker,Mel Baker
MelindaKrigel,Melinda Krigel
MelissaTelli,Melissa Telli
MellisaWhite,Mellisa White
MichaelHowerton,Michael Howerton
MichaelWWeinerMD,"Michael W. Weiner, MD"
MicheleSolis,Michele Solis
MikeBillings,Mike Billings
MikeBillingsandSusanMerrell,Mike Billings and Susan Merrell
MitziBaker,Mitzi Baker
MollyMiller,Molly Miller
NancyOlmsted,Nancy Olmsted
NiallKavanagh,Niall Kavanagh
NicholasRoznovsky,Nicholas Roznovsky
NicholasWeiler,Nicholas Weiler
NicholasWeilerandBennettMcIntosh,Nicholas Weiler and Bennett McIntosh
NicholasWeilerandDanaSmith,Nicholas Weiler and Dana Smith
NicholasWeilerandeLifeStaff,Nicholas Weiler and eLife Staff
NicoleFreeling,Nicole Freeling
NicolePagano,Nicole Pagano
NicolettaLanese,Nicoletta Lanese 
NinaBai,Nina Bai
NolanFeeney,Nolan Feeney
NolanFeeneyandKevinEisenmann,Nolan Feeney and Kevin Eisenmann
NooshinLatour,Nooshin Latour 
PatriciaMeagher,Patricia Meagher
PatriciaYollin,Patricia Yollin 
PaulDay,Paul Day
PaulaMurphy,Paula Murphy
PeterChisnell,Peter Chisnell
PeterDragon,Peter Dragon
PeterLu,Peter Lu
PhilipCampbellandCarrieClarkWalsh,Philip Campbell and Carrie Clark Walsh
PhoebeByers,Phoebe Byers 
PurbaChatterjee,Purba Chatterjee
QuinnGrundy,Quinn Grundy 
RachaelKagan,Rachael Kagan
RamieFathy,Ramie Fathy
RaniGoel,Rani Goel
RebeccaSmith,Rebecca Smith
RobWaters,Rob Waters
RobertHood,Robert Hood
RobertMansfield,Robert Mansfield
RobinHindery,Robin Hindery
RobinMarks,Robin Marks
SLBachman,S. L. Bachman
SamanthaAnconaEsselmannSamanthaHindleandBenMansky,"Samantha Ancona Esselmann, Samantha Hindle and Ben Mansky"
SandraBurnett,Sandra Burnett
SandyButler,Sandy Butler
SarahCraig,Sarah Craig
SarahCraigandKevinEisenmann,Sarah Craig and Kevin Eisenmann  
SarahJoost,Sarah Joost
SarahParis,Sarah Paris
SatishKPillai,Satish K. Pillai
SeanElder,Sean Elder
SharonRKaufman,Sharon R. Kaufman
StephanieBruzzese,Stephanie Bruzzese
StephanieMarrus,Stephanie Marrus
SteveTokar,Steve Tokar
StoryandphotosbySarahCraig,Story and photos by Sarah Craig
StoryandvideobyKevinEisenmann,Story and video by Kevin Eisenmann
StorybySarahCraigandKevinEisenmann,Story by Sarah Craig and Kevin Eisenmann  
SukeeBennett,Sukee Bennett
SusanCohen,Susan Cohen
SusanDavis,Susan Davis
SusanForstat,Susan Forstat
SusanFreinkel,Susan Freinkel
SusanGodstone,Susan Godstone
SusanKostal,Susan Kostal
SusanRosenMD,"Susan Rosen, MD"
TerriHunterDavis,Terri Hunter-Davis
TerriSomers,Terri Somers
TheresaPoulos,Theresa Poulos
ThomasRichardson,Thomas Richardson
TinaNovero,Tina Novero
TristanCook,Tristan Cook
UCOfficeofthePresident,UC Office of the President
UCSFNewsOffice,UCSF News Office
VickyAgnew,Vicky Agnew
VickyStein,Vicky Stein
WallaceRavven,Wallace Ravven
YuXie,Yu Xie
ZacUnger,Zac Unger